step,amount,type,oldbalanceOrg,newbalanceOrig,oldbalanceDest,newbalanceDest,isFraud
103,3185.6,PAYMENT,2761.5,0,7796.91,7796.91,1
21,340.25,PAYMENT,276.28,0,580.84,580.84,0
88,813.06,CASH_OUT,638.85,0,6508.88,7321.94,0
309,7008.11,TRANSFER,12841.96,5833.85,10616.96,17625.07,0
192,9711.23,TRANSFER,15707.73,5996.5,30582.66,40293.89,0
253,1132.07,TRANSFER,1461.76,329.69,30592.64,31724.71,0
682,96.58,PAYMENT,236.38,139.8,2327.71,2327.71,0
687,1927.69,CASH_IN,19123.1,21050.79,5718.42,3790.73,0
505,96.13,PAYMENT,164.87,68.74,1705.24,1705.24,0
167,27.71,CASH_IN,47110.09,47137.8,58.93,31.22,0
346,206.55,DEBIT,385.93,179.38,4401.52,4401.52,0
455,1884.2,PAYMENT,4081.91,2197.71,1733.65,1733.65,0
81,599.92,PAYMENT,1094.88,494.96,3117.11,3117.11,0
390,467.24,PAYMENT,764.12,296.88,313.13,313.13,0
402,2985.49,TRANSFER,5790.35,2804.86,44741.37,47726.86,0
270,2599.56,TRANSFER,3448.42,848.86,28522.2,31121.76,0
252,93.56,CASH_IN,16266.52,16360.08,166.29,72.73,0
338,1552.72,CASH_IN,29337.56,30890.28,4550.26,2997.54,0
188,1565.81,PAYMENT,1224.23,0,8021.97,8021.97,1
65,32.52,CASH_IN,21170.07,21202.59,58.2,25.68,0
648,12.07,TRANSFER,21.91,9.84,35342.87,35354.94,0
675,3123.97,CASH_IN,30298,33421.97,8911.44,5787.47,0
41,4930.26,DEBIT,10846.95,5916.69,4494.51,4494.51,1
33,132.34,TRANSFER,173.5,41.16,16259.17,16391.51,0
99,1790.54,DEBIT,1879.07,88.53,5612.43,5612.43,0
739,255.74,CASH_IN,35662.24,35917.98,644.87,389.13,0
218,539.34,CASH_OUT,545.89,6.55,404.34,943.68,0
207,1116.63,PAYMENT,615.08,0,1078.91,1078.91,0
575,4523.19,TRANSFER,6673.38,2150.19,28163.78,32686.97,0
734,301.09,DEBIT,514.51,213.42,5398.41,5398.41,0
541,520.61,CASH_OUT,340.46,0,2897.51,3418.12,0
86,4249.34,CASH_OUT,7430.86,3181.52,2956.34,7205.68,0
646,1220.58,TRANSFER,1487.2,266.62,20825.5,22046.08,0
331,785.15,TRANSFER,881.01,95.86,17814.89,18600.04,0
190,234.18,CASH_OUT,223.85,0,4271.08,4505.26,0
628,870.49,PAYMENT,965.86,95.37,1646.56,1646.56,0
411,1081.55,PAYMENT,1021.22,0,1198.65,1198.65,0
684,560.76,DEBIT,469.12,0,2187.64,2187.64,0
472,2429.17,PAYMENT,2981.22,552.05,9717.82,9717.82,0
564,568.05,CASH_OUT,1075.1,507.05,7122.71,7690.76,0
613,671.5,CASH_OUT,385.29,0,6095.64,6767.14,0
642,1059.78,CASH_IN,1652.54,2712.32,1791.18,731.4,0
385,548.72,CASH_OUT,433.37,0,4894.53,5443.25,0
672,1610.92,PAYMENT,2715.03,1104.11,808.53,808.53,0
184,543.67,DEBIT,1063.65,519.98,3677.83,3677.83,0
610,2008.68,CASH_IN,26788.73,28797.41,2371.41,362.73,0
609,327.73,PAYMENT,496.97,169.24,6958.13,6958.13,0
660,789.93,DEBIT,742.92,0,7111.5,7111.5,0
511,514.65,PAYMENT,921.4,406.75,1743.66,1743.66,0
640,1459.59,CASH_IN,41885.51,43345.1,3432.05,1972.46,0
473,470.1,CASH_OUT,744.12,274.02,6957.84,7427.94,0
263,2158.53,CASH_IN,40861.11,43019.64,4555.37,2396.84,0
572,605.45,CASH_OUT,1509.09,903.64,9654.19,10259.64,0
453,4614.55,CASH_IN,31655.07,36269.62,7743.49,3128.94,0
99,2411.33,TRANSFER,4452.91,2041.58,42816.21,45227.54,0
54,3028.12,PAYMENT,5402.36,2374.24,841.4,841.4,0
420,4577.46,PAYMENT,7840.54,3263.08,91.97,91.97,0
510,5632.27,TRANSFER,11116.21,5483.94,14196.05,19828.32,0
338,1330.56,CASH_OUT,1858.59,528.03,9944.57,11275.13,0
161,37.48,PAYMENT,55.76,18.28,1788.23,1788.23,0
504,2098.55,TRANSFER,3880.69,1782.14,32880.64,34979.19,0
33,1565.13,PAYMENT,2375.29,810.16,6363.33,6363.33,1
22,560.4,DEBIT,1370.75,810.35,3930.98,3930.98,0
438,4732.02,CASH_OUT,6477.14,1745.12,3500.78,8232.8,0
609,1721.31,DEBIT,2556.21,834.9,1952.43,1952.43,0
659,1698.28,CASH_OUT,3459.58,1761.3,436.04,2134.32,0
172,5643.17,TRANSFER,11026.35,5383.18,45743.22,51386.39,0
99,2755.42,CASH_OUT,6629.94,3874.52,3307.5,6062.92,0
302,6802.68,CASH_OUT,16511.74,9709.06,8530.09,15332.77,0
191,730.69,TRANSFER,870.19,139.5,13423.74,14154.43,0
323,372.44,CASH_OUT,600.97,228.53,9361.55,9733.99,0
570,5320,PAYMENT,3409.23,0,2089.19,2089.19,0
663,302.84,CASH_IN,25916.48,26219.32,834.25,531.41,0
104,2389.15,TRANSFER,4067.49,1678.34,17974.56,20363.71,0
477,704.4,CASH_IN,20989.04,21693.44,1065.34,360.94,0
408,4890.23,TRANSFER,7390.81,2500.58,25075.81,29966.04,0
685,433.02,TRANSFER,463.74,30.72,19839.19,20272.21,0
654,4415.65,DEBIT,5192.76,777.11,3755.83,3755.83,0
727,2230.64,DEBIT,2579.3,348.66,1550.42,1550.42,0
190,676.26,CASH_OUT,1137.24,460.98,305,981.26,0
692,80.22,CASH_IN,15163.28,15243.5,166.39,86.17,0
613,1478.31,TRANSFER,2616.6,1138.29,10791.05,12269.36,0
5,1223.27,CASH_OUT,2671.68,1448.41,1943.8,3167.07,0
350,1556.82,PAYMENT,2763.14,1206.32,7260.91,7260.91,0
269,6983.48,TRANSFER,11973.84,4990.36,2053.38,9036.86,0
120,632.7,PAYMENT,871.82,239.12,784.56,784.56,0
741,408.5,CASH_OUT,270.32,0,4283.14,4691.64,1
641,381.61,DEBIT,310.2,0,2502.43,2502.43,0
638,198.15,CASH_OUT,171.54,0,9346.14,9544.29,0
272,1455.22,PAYMENT,2640.09,1184.87,4356.73,4356.73,0
247,98.78,TRANSFER,154.69,55.91,7932.32,8031.1,0
86,30,CASH_IN,5803.63,5833.63,32.76,2.76,0
94,3869.41,CASH_OUT,7380.19,3510.78,4741.74,8611.15,0
218,2883.47,TRANSFER,5210.18,2326.71,17315.22,20198.69,0
254,1138.8,DEBIT,1477.03,338.23,6158.5,6158.5,0
100,93.72,DEBIT,117.08,23.36,6258.6,6258.6,0
442,1391.46,DEBIT,2196.77,805.31,6839.64,6839.64,0
16,147.36,TRANSFER,242.03,94.67,1325.57,1472.93,0
160,5635.51,CASH_OUT,9303.94,3668.43,3881.7,9517.21,0
380,276.08,TRANSFER,500.04,223.96,41031.97,41308.05,0
268,976.86,TRANSFER,1915.81,938.95,45267.53,46244.39,0
556,641.3,CASH_IN,10729.46,11370.76,1125.17,483.87,0
253,199.41,CASH_IN,34150.34,34349.75,227.8,28.39,0
605,3728.05,CASH_OUT,2037.54,0,8144.68,11872.73,0
617,1371.51,CASH_IN,34644.52,36016.03,2327,955.49,0
75,4199.83,DEBIT,8274.26,4074.43,8034.81,8034.81,0
676,391.67,CASH_IN,37530.74,37922.41,1023.7,632.03,0
689,2631.91,DEBIT,1988.09,0,2500.16,2500.16,0
96,834.47,CASH_OUT,1970.61,1136.14,8584.13,9418.6,1
369,2278.9,TRANSFER,3965.08,1686.18,11911.81,14190.71,0
273,1529.55,TRANSFER,2289.07,759.52,19480.9,21010.45,0
397,4518.58,CASH_IN,19460.08,23978.66,4616.52,97.94,0
233,3757.51,DEBIT,4545.87,788.36,9568.01,9568.01,0
735,6016.9,PAYMENT,9909.09,3892.19,6318.37,6318.37,0
69,695.05,PAYMENT,804.4,109.35,6725.18,6725.18,0
484,5845.76,PAYMENT,12057.42,6211.66,1134.65,1134.65,0
693,1365.1,TRANSFER,1443.67,78.57,27476.44,28841.54,0
133,2672.47,TRANSFER,4131.41,1458.94,35291.57,37964.04,0
588,2330.7,DEBIT,5066.77,2736.07,8668.69,8668.69,0
230,176.71,CASH_IN,35048.46,35225.17,202.43,25.72,0
634,318.07,PAYMENT,485.58,167.51,2332.28,2332.28,0
648,938.68,DEBIT,1165.17,226.49,8128,8128,0
511,4766.29,DEBIT,8025.37,3259.08,3502.18,3502.18,0
252,175.39,CASH_IN,38857.35,39032.74,371.27,195.88,0
91,572.96,DEBIT,664.92,91.96,4344.52,4344.52,0
173,23.84,CASH_IN,23433.03,23456.87,26.52,2.68,0
476,2916.11,CASH_OUT,6256.75,3340.64,7442.12,10358.23,0
387,1752.11,CASH_IN,48108.63,49860.74,3065.74,1313.63,0
369,174.06,PAYMENT,270.97,96.91,4363.36,4363.36,0
58,25.46,PAYMENT,62.12,36.66,431.6,431.6,0
149,89.74,CASH_IN,46232.17,46321.91,254.7,164.96,0
676,1615.22,CASH_OUT,3938.88,2323.66,5230.98,6846.2,0
233,489.76,CASH_OUT,533.34,43.58,9958.31,10448.07,0
566,1756.65,PAYMENT,4044.36,2287.71,454.46,454.46,0
12,6374.9,CASH_OUT,3925.2,0,3945.22,10320.12,0
408,1936.87,DEBIT,2042.94,106.07,1881.21,1881.21,0
90,983.92,TRANSFER,1209.63,225.71,13296.9,14280.82,0
41,603.07,DEBIT,848.21,245.14,323.16,323.16,0
201,741.76,PAYMENT,1578.16,836.4,6847.31,6847.31,0
558,159.52,CASH_OUT,379.83,220.31,4166.39,4325.91,0
709,1901.81,CASH_IN,20912.15,22813.96,5449.55,3547.74,0
242,1605.09,TRANSFER,1869.66,264.57,20562.76,22167.85,0
374,3328.3,CASH_IN,49363.81,52692.11,4329.57,1001.27,0
282,959.95,PAYMENT,2342.11,1382.16,8421.19,8421.19,0
461,132.24,CASH_OUT,75.86,0,1338.52,1470.76,0
405,117.05,CASH_IN,43236.12,43353.17,307.35,190.3,0
645,11390.75,CASH_IN,27771.59,39162.34,28909.44,17518.69,0
677,2831.06,TRANSFER,3900.78,1069.72,12054.24,14885.3,0
457,277.59,TRANSFER,542.43,264.84,30308.73,30586.32,0
446,4212.09,CASH_OUT,8483.14,4271.05,468.96,4681.05,0
95,242.08,TRANSFER,404.65,162.57,26015.39,26257.47,0
118,3561.11,CASH_IN,15388.86,18949.97,9375.59,5814.48,0
236,1647.23,CASH_IN,43832.68,45479.91,2976.49,1329.26,1
624,1309.03,PAYMENT,1755.5,446.47,7846.68,7846.68,0
578,3270.97,CASH_IN,45157.55,48428.52,7309.07,4038.1,0
738,864.37,CASH_OUT,1452,587.63,3922.44,4786.81,0
435,4691.12,DEBIT,5612.98,921.86,5139.89,5139.89,0
335,1011.16,PAYMENT,1763.64,752.48,8623.64,8623.64,0
133,3184.9,PAYMENT,4518.4,1333.5,8420.91,8420.91,0
508,138.06,CASH_OUT,81.69,0,6208.06,6346.12,0
450,798.23,CASH_OUT,1410.31,612.08,2401.46,3199.69,0
111,276.95,TRANSFER,312.41,35.46,7595.13,7872.08,0
374,2393.46,PAYMENT,2058.7,0,6965.01,6965.01,0
281,4542.95,TRANSFER,6696.13,2153.18,33377.89,37920.84,0
61,428.1,CASH_IN,2043.43,2471.53,572.74,144.64,0
604,855.25,PAYMENT,482.03,0,5487.15,5487.15,0
645,1236.26,PAYMENT,1128.29,0,3642.7,3642.7,0
78,802.25,DEBIT,917.1,114.85,922.91,922.91,0
47,1978.19,PAYMENT,1312.56,0,8735.79,8735.79,0
48,127.05,CASH_IN,13843.88,13970.93,331.91,204.86,0
625,1820.02,TRANSFER,3615.03,1795.01,26829.53,28649.55,0
56,1326.33,TRANSFER,2146.34,820.01,18445.68,19772.01,0
216,2550.62,DEBIT,1593.33,0,1477.39,1477.39,0
7,2325.16,CASH_IN,42222.03,44547.19,5811.12,3485.96,0
508,227.72,TRANSFER,329.6,101.88,26630.86,26858.58,0
15,222.57,CASH_OUT,439.53,216.96,1822.84,2045.41,0
39,778.45,CASH_IN,10572.4,11350.85,1288.33,509.88,0
537,4425.16,CASH_IN,29679.62,34104.78,10435.43,6010.27,0
67,2093.93,DEBIT,3055.39,961.46,5841.99,5841.99,0
470,1768.85,TRANSFER,3087.42,1318.57,21582.98,23351.83,0
595,953.12,CASH_IN,16872.34,17825.46,2668.06,1714.94,0
320,1692.56,TRANSFER,2295.28,602.72,49325.76,51018.32,0
741,5427.88,CASH_OUT,2795.73,0,2253.33,7681.21,0
582,565.61,DEBIT,464.57,0,1865.67,1865.67,0
350,381.8,CASH_OUT,875.67,493.87,802.34,1184.14,0
243,37.82,DEBIT,71.63,33.81,9972.56,9972.56,0
6,1015.52,CASH_IN,48473.52,49489.04,2773.4,1757.88,0
646,7384.14,DEBIT,10939.59,3555.45,7228.96,7228.96,0
574,5301.77,PAYMENT,8554.54,3252.77,5716.13,5716.13,0
435,3648.52,TRANSFER,4396.75,748.23,48399.7,52048.22,0
724,1417.97,TRANSFER,1761.7,343.73,5741.84,7159.81,0
90,2921.14,PAYMENT,1970.54,0,5061.04,5061.04,0
511,1313.24,CASH_OUT,2055.46,742.22,518.24,1831.48,0
690,1212.25,PAYMENT,1936.21,723.96,5489.22,5489.22,0
13,2308.65,CASH_IN,4393.41,6702.06,2949.65,641,0
329,2857.13,CASH_IN,29781.94,32639.07,5551.84,2694.71,0
419,859.09,TRANSFER,1657.64,798.55,41530.97,42390.06,0
236,1051.25,CASH_IN,46646.9,47698.15,3134.68,2083.43,0
588,954.58,TRANSFER,1838.95,884.37,36079.83,37034.41,0
572,3689.15,PAYMENT,2875.86,0,7952.67,7952.67,0
270,3215.25,PAYMENT,6913.64,3698.39,1864.05,1864.05,1
379,2009.93,PAYMENT,4654.46,2644.53,3161.97,3161.97,0
42,997.63,TRANSFER,1812.29,814.66,21956.75,22954.38,0
526,4599.53,PAYMENT,8040.91,3441.38,5397.81,5397.81,0
575,1398.21,PAYMENT,1348.47,0,8995.75,8995.75,0
503,1518.96,CASH_OUT,961.86,0,2290.25,3809.21,0
39,249.63,PAYMENT,594.04,344.41,6277.08,6277.08,0
554,300.95,CASH_IN,39701.26,40002.21,674.17,373.22,0
478,4487.61,TRANSFER,8026.53,3538.92,7583.74,12071.35,0
97,2456.03,CASH_OUT,5052.41,2596.38,1431.28,3887.31,0
196,1688.43,DEBIT,3418.93,1730.5,8767.66,8767.66,0
118,3444.62,TRANSFER,3825.7,381.08,42322.61,45767.23,0
216,1853.47,CASH_IN,25114.42,26967.89,3854.7,2001.23,0
157,521.79,TRANSFER,898.65,376.86,36001.83,36523.62,0
95,1825.81,CASH_IN,28275.42,30101.23,4441.02,2615.21,0
283,849.37,CASH_IN,9079.89,9929.26,2392.59,1543.22,0
550,516.86,DEBIT,696.31,179.45,2879.3,2879.3,0
363,333.94,TRANSFER,529.71,195.77,25294.43,25628.37,0
623,2590.95,DEBIT,4368.15,1777.2,1022.13,1022.13,0
324,3123.1,DEBIT,1705.35,0,6513.67,6513.67,0
604,939.2,TRANSFER,1003.93,64.73,3866.05,4805.25,0
462,5448.35,PAYMENT,12809.82,7361.47,4508.39,4508.39,0
613,8379.35,PAYMENT,18248.52,9869.17,1246.63,1246.63,0
1,4079.85,DEBIT,6273.49,2193.64,5912.75,5912.75,0
661,954.83,CASH_OUT,1898.68,943.85,2055.8,3010.63,0
313,10.29,DEBIT,12.01,1.72,3981.69,3981.69,0
537,3984.13,DEBIT,9346.45,5362.32,4657,4657,0
475,2676.02,DEBIT,3758.3,1082.28,2246.05,2246.05,0
179,571.64,PAYMENT,946.22,374.58,1655.13,1655.13,0
501,4927.59,PAYMENT,6035.25,1107.66,5805.88,5805.88,0
662,498.17,PAYMENT,460.99,0,5151.74,5151.74,0
84,1229.63,DEBIT,1985.37,755.74,8606.32,8606.32,1
63,11537.16,CASH_OUT,17356.39,5819.23,5953.85,17491.01,0
141,1013.73,PAYMENT,1372.16,358.43,7997.82,7997.82,0
318,460.18,TRANSFER,547.93,87.75,1827.48,2287.66,0
286,3623.68,TRANSFER,5752.42,2128.74,14702.23,18325.91,0
371,1208.67,TRANSFER,1842.48,633.81,22038.14,23246.81,0
114,1375.38,CASH_IN,38267.81,39643.19,1658.66,283.28,0
264,3958.9,DEBIT,9470.6,5511.7,3733.09,3733.09,0
458,4555.43,TRANSFER,6954.22,2398.79,40037.49,44592.92,0
55,340.57,DEBIT,657.96,317.39,6589.24,6589.24,0
313,502.99,TRANSFER,619.22,116.23,33594.64,34097.63,0
328,220.87,CASH_OUT,463.79,242.92,1785.45,2006.32,0
609,1628.11,DEBIT,3161.18,1533.07,8053.15,8053.15,0
88,2563.19,TRANSFER,4756.5,2193.31,41510.99,44074.18,0
452,5780.49,PAYMENT,4521.29,0,4063.92,4063.92,0
7,2007.1,DEBIT,3957.62,1950.52,8481.28,8481.28,0
624,401.41,CASH_IN,29152.08,29553.49,739.74,338.33,0
514,4830.81,PAYMENT,8451.61,3620.8,3358.66,3358.66,0
386,903.16,PAYMENT,513.41,0,8306.55,8306.55,0
256,1607.13,CASH_IN,21806.33,23413.46,2553.62,946.49,0
500,7342.86,PAYMENT,15122.75,7779.89,1142.38,1142.38,0
158,1337.64,PAYMENT,3062,1724.36,7998.55,7998.55,0
721,1327.32,TRANSFER,2007.52,680.2,37084.35,38411.67,0
237,1031.17,TRANSFER,1255.99,224.82,32252.71,33283.88,0
494,8322.25,DEBIT,12910.98,4588.73,1716.79,1716.79,0
727,2299.87,DEBIT,4933.61,2633.74,5296.62,5296.62,0
42,1719.48,DEBIT,1802.2,82.72,5541.78,5541.78,0
153,1377.18,TRANSFER,2369.03,991.85,5328.94,6706.12,0
342,295.42,DEBIT,679.48,384.06,8738.9,8738.9,0
168,578.31,PAYMENT,1021.41,443.1,4942.74,4942.74,0
685,3642.64,TRANSFER,5115.66,1473.02,38545.57,42188.21,0
558,97.21,DEBIT,80.93,0,7380.34,7380.34,0
693,1849.4,PAYMENT,1832.2,0,3892.96,3892.96,1
296,1150.64,DEBIT,2682.17,1531.53,7215.33,7215.33,0
227,5964.93,CASH_OUT,7714.44,1749.51,9540.87,15505.8,0
406,2638.81,DEBIT,2453.78,0,311.83,311.83,0
148,354.51,CASH_OUT,773.92,419.41,8464.08,8818.59,0
507,1817.86,DEBIT,2124.15,306.29,7709.12,7709.12,0
501,845.36,CASH_IN,17577.01,18422.37,1543.28,697.92,0
61,2333.09,DEBIT,3195.53,862.44,2464.02,2464.02,0
131,162.91,TRANSFER,163.29,0.38,48384.97,48547.88,0
102,1785.32,TRANSFER,2429.77,644.45,4579.1,6364.42,0
17,6001.98,CASH_OUT,8354.83,2352.85,1851.33,7853.31,0
318,6349.32,TRANSFER,11164.6,4815.28,31947.47,38296.79,0
81,2151.48,PAYMENT,4054.58,1903.1,8491.96,8491.96,0
537,4674.6,CASH_IN,32333.25,37007.85,11155.23,6480.63,0
489,5767.93,CASH_IN,1971.34,7739.27,13907.35,8139.42,0
711,14688.87,PAYMENT,23672.78,8983.91,4732.1,4732.1,0
391,70.07,CASH_OUT,132.77,62.7,2973.49,3043.56,0
688,245.97,PAYMENT,330.47,84.5,7953.42,7953.42,0
223,3962.62,PAYMENT,8674.57,4711.95,3191,3191,0
490,2069.72,CASH_IN,32508.37,34578.09,3579.36,1509.64,0
620,257.96,DEBIT,168.68,0,6962.89,6962.89,0
183,1037.66,CASH_IN,28621.39,29659.05,2706.17,1668.51,0
516,3129.19,CASH_IN,15937.63,19066.82,7046.26,3917.07,0
16,1114.1,TRANSFER,2090.79,976.69,20875.3,21989.4,0
739,4082.96,PAYMENT,2215.16,0,8747.02,8747.02,0
141,969.9,CASH_IN,46629.5,47599.4,1105.74,135.84,0
29,2916.05,PAYMENT,3802.13,886.08,4798.76,4798.76,0
697,1739.61,TRANSFER,2212.24,472.63,19914.37,21653.98,0
359,1479.46,PAYMENT,2906.46,1427,33.46,33.46,0
429,876.84,CASH_IN,14361.95,15238.79,1396.47,519.63,0
293,87.01,PAYMENT,46.62,0,9877.22,9877.22,0
585,232.87,TRANSFER,324.07,91.2,6221.88,6454.75,0
187,5990.91,DEBIT,12417.3,6426.39,894.11,894.11,0
710,8072.83,PAYMENT,18312.39,10239.56,6007.98,6007.98,0
62,1901.79,CASH_IN,8351.7,10253.49,5671.78,3769.99,0
571,1027.93,TRANSFER,1889.16,861.23,11528.46,12556.39,0
243,1438.7,CASH_IN,11533.49,12972.19,1946.64,507.94,0
218,75.85,CASH_IN,47863.51,47939.36,201.19,125.34,0
517,120.17,PAYMENT,293,172.83,8837.86,8837.86,1
99,1820,CASH_IN,26251.58,28071.58,2767.25,947.25,0
419,2840.61,PAYMENT,5374.55,2533.94,1538.96,1538.96,0
160,1245.93,DEBIT,2175.24,929.31,7478.72,7478.72,0
89,1798.59,CASH_IN,29004.31,30802.9,2127.68,329.09,0
617,993.43,CASH_IN,13647.97,14641.4,1940.52,947.09,0
195,6232.35,CASH_IN,43106.38,49338.73,16322.73,10090.38,0
40,5365.46,CASH_OUT,10572.24,5206.78,2813.91,8179.37,0
124,933.62,CASH_OUT,951.83,18.21,7234.2,8167.82,0
602,1522.15,TRANSFER,2986.64,1464.49,5473.44,6995.59,0
593,127.98,CASH_OUT,289.98,162,5160.79,5288.77,0
115,3483.3,TRANSFER,4694.82,1211.52,33900.81,37384.11,0
289,4218.82,CASH_OUT,8837.8,4618.98,6584.52,10803.34,0
353,343.39,DEBIT,281.85,0,3340.09,3340.09,0
557,2392.16,TRANSFER,4019.17,1627.01,30930.57,33322.73,0
422,420.52,CASH_OUT,951.75,531.23,9613.15,10033.67,0
31,3496.29,DEBIT,2649.28,0,3351.19,3351.19,0
670,4788.24,CASH_OUT,2404.85,0,5561.82,10350.06,0
589,1417.39,PAYMENT,726.8,0,2870.38,2870.38,0
46,791.34,PAYMENT,1281.72,490.38,1158.44,1158.44,0
700,19.23,DEBIT,41.1,21.87,1284.49,1284.49,0
467,2863.82,CASH_IN,27063.33,29927.15,8379.49,5515.67,0
412,2003.73,CASH_IN,46601.41,48605.14,2414.53,410.8,0
196,382.72,PAYMENT,781.4,398.68,9472.98,9472.98,0
192,2464.18,PAYMENT,1564.02,0,5821.7,5821.7,0
705,120.33,CASH_IN,3734.72,3855.05,325.47,205.14,0
270,7261.39,TRANSFER,14296.79,7035.4,37482.59,44743.98,0
227,1805.76,CASH_IN,19180.61,20986.37,2042.77,237.01,1
33,782.97,CASH_OUT,1156.67,373.7,7704.07,8487.04,0
570,3.06,TRANSFER,3.55,0.49,23426.97,23430.03,0
516,1111.88,CASH_OUT,1559.72,447.84,1636.24,2748.12,0
157,709.71,PAYMENT,1547.09,837.38,7728.23,7728.23,0
84,2126.59,TRANSFER,2707.7,581.11,47543.18,49669.77,0
440,1133.45,CASH_OUT,2705.81,1572.36,4197.27,5330.72,0
84,1014.65,CASH_OUT,1063.79,49.14,9839.78,10854.43,0
257,774.51,TRANSFER,1335.58,561.07,37291.85,38066.36,0
163,64.26,DEBIT,115.88,51.62,3685.26,3685.26,0
271,1276.55,CASH_IN,27161.64,28438.19,1683.12,406.57,0
657,192.18,CASH_OUT,155.15,0,4536.94,4729.12,0
562,2863.78,CASH_IN,31311.02,34174.8,3615.49,751.71,0
693,4858.11,CASH_IN,48375.56,53233.67,6660.07,1801.96,0
527,1314.72,PAYMENT,965.81,0,1251.86,1251.86,0
236,569.81,CASH_IN,27920.63,28490.44,826.84,257.03,0
726,1745.41,CASH_OUT,1811.71,66.3,7975.59,9721,0
395,8315.75,PAYMENT,6645.63,0,4645.99,4645.99,0
320,1007.86,TRANSFER,1990.22,982.36,36094.38,37102.24,0
11,2375.77,CASH_OUT,5274.79,2899.02,7798.51,10174.28,0
392,2577.78,PAYMENT,5151.24,2573.46,1459.22,1459.22,0
588,8635.37,PAYMENT,6778.69,0,4988.88,4988.88,0
86,473.33,CASH_IN,17300.83,17774.16,1207.75,734.42,0
242,791.42,TRANSFER,1201.15,409.73,4393.32,5184.74,0
589,164.68,CASH_OUT,213.07,48.39,1327.16,1491.84,0
90,2339.92,CASH_OUT,4916.58,2576.66,2001.5,4341.42,0
428,221.9,CASH_IN,31821.51,32043.41,535.43,313.53,0
9,5505.39,TRANSFER,5791.51,286.12,27064.82,32570.21,0
370,5473.96,CASH_OUT,13108.5,7634.54,6253.05,11727.01,0
84,830.37,TRANSFER,1506.98,676.61,4005.74,4836.11,0
84,1611.4,CASH_OUT,2731.25,1119.85,7838.33,9449.73,0
515,84.22,CASH_IN,8199.97,8284.19,158.1,73.88,0
12,568.65,DEBIT,465.78,0,8717.84,8717.84,0
122,799.02,CASH_OUT,1150.88,351.86,7442.79,8241.81,0
733,3119.43,PAYMENT,5669.3,2549.87,4981.96,4981.96,0
594,43.16,PAYMENT,77.97,34.81,3323.15,3323.15,0
312,7362.28,DEBIT,13256.9,5894.62,1995.42,1995.42,1
35,499.36,CASH_OUT,667.54,168.18,2035.78,2535.14,0
332,383.79,PAYMENT,929.37,545.58,4159.07,4159.07,0
24,1109.49,PAYMENT,1322.37,212.88,3710.39,3710.39,0
532,1406.77,CASH_OUT,2231.98,825.21,5139.96,6546.73,0
617,1155.7,TRANSFER,1993.88,838.18,24333.45,25489.15,0
578,1822.23,CASH_OUT,3801.01,1978.78,6550.09,8372.32,0
371,668.74,TRANSFER,908.92,240.18,19192.36,19861.1,0
530,1997.96,DEBIT,3928.44,1930.48,1315.68,1315.68,0
520,1040.43,CASH_IN,30092.77,31133.2,2356.66,1316.23,0
526,7109.35,DEBIT,6127.93,0,8543.85,8543.85,0
553,568.99,CASH_IN,43537.5,44106.49,1075.74,506.75,0
504,1733.22,PAYMENT,3163.55,1430.33,952.62,952.62,0
145,993.14,PAYMENT,2422.09,1428.95,2581.33,2581.33,0
229,19.14,PAYMENT,32.09,12.95,5987.14,5987.14,0
676,7002.22,TRANSFER,10179.75,3177.53,11802.52,18804.74,0
707,1167.88,CASH_IN,16544.47,17712.35,2216.12,1048.24,0
361,1128.35,PAYMENT,1125.45,0,6171.45,6171.45,0
513,583.12,CASH_OUT,710.53,127.41,3793.59,4376.71,0
107,2667.66,CASH_IN,33190.23,35857.89,5199.97,2532.31,0
497,2445.18,CASH_IN,22318.43,24763.61,6671.51,4226.33,0
620,1553.65,TRANSFER,1606.77,53.12,49334.65,50888.3,0
511,526.67,DEBIT,317.79,0,6400.03,6400.03,0
35,1204.69,TRANSFER,2329.72,1125.03,15807.81,17012.5,0
691,85.92,PAYMENT,68.45,0,9866.3,9866.3,0
216,2317.52,CASH_OUT,1239.32,0,3231.31,5548.83,0
185,1736.54,CASH_OUT,1751.21,14.67,5217.3,6953.84,0
428,1520.62,PAYMENT,1142.72,0,1327.15,1327.15,1
308,2440.4,CASH_OUT,2205.41,0,6734.32,9174.72,0
341,198.21,TRANSFER,331.53,133.32,22187.51,22385.72,0
517,6613.51,TRANSFER,8301.98,1688.47,33081.62,39695.13,0
119,5787.86,PAYMENT,10803.02,5015.16,4971.75,4971.75,0
145,3555.26,CASH_OUT,7925.45,4370.19,7685.19,11240.45,0
345,2340.32,CASH_IN,33825.67,36165.99,3349.82,1009.5,0
654,1002.3,DEBIT,1806.61,804.31,1065.93,1065.93,0
220,348.01,CASH_IN,30247.7,30595.71,569.42,221.41,0
161,1045.81,TRANSFER,1956.45,910.64,39119.27,40165.08,0
589,682.28,TRANSFER,756.72,74.44,32525.58,33207.86,0
102,793.12,TRANSFER,1322.6,529.48,40392.3,41185.42,0
594,4206.68,TRANSFER,5541.02,1334.34,43445.03,47651.71,0
641,257.14,DEBIT,408.59,151.45,57.59,57.59,0
655,1990.63,PAYMENT,3423.21,1432.58,5634.39,5634.39,0
605,1191.93,TRANSFER,1475.07,283.14,18662.59,19854.52,0
102,153.03,CASH_OUT,261.21,108.18,6682.13,6835.16,0
3,1564.36,DEBIT,3759.09,2194.73,8471.67,8471.67,0
629,3362.51,TRANSFER,3728.75,366.24,7449.59,10812.1,0
304,1736.82,CASH_OUT,2721.95,985.13,6079.05,7815.87,0
343,3354.14,TRANSFER,5762.83,2408.69,47776.18,51130.32,0
21,436.76,PAYMENT,224.99,0,6474.75,6474.75,0
124,6188.13,DEBIT,11196.72,5008.59,3800.75,3800.75,0
324,5450.46,PAYMENT,6558.24,1107.78,1014.21,1014.21,0
373,671.59,DEBIT,748.54,76.95,8030.26,8030.26,0
291,1740.44,TRANSFER,1896.43,155.99,35881.79,37622.23,1
2,637.62,TRANSFER,901.31,263.69,6094.3,6731.92,0
459,264,DEBIT,585.77,321.77,7997.81,7997.81,0
159,2470.18,CASH_OUT,1763.1,0,5673.12,8143.3,0
298,4997.04,CASH_OUT,6741.28,1744.24,870.39,5867.43,0
385,936.24,TRANSFER,1429.17,492.93,5615.22,6551.46,0
141,1841.66,TRANSFER,3350.33,1508.67,44210.32,46051.98,0
26,477.63,PAYMENT,822.46,344.83,4110.28,4110.28,0
637,4727.61,TRANSFER,8367.61,3640,27831.85,32559.46,0
293,720.25,DEBIT,1414.51,694.26,8511.74,8511.74,0
167,2203.53,CASH_OUT,1522.79,0,6238.59,8442.12,0
439,1767.72,CASH_OUT,1477.86,0,7368.74,9136.46,0
226,1281.7,PAYMENT,2013.19,731.49,1784.46,1784.46,0
655,524.37,CASH_OUT,478.42,0,6379.61,6903.98,0
590,2000.43,CASH_OUT,1234.08,0,1417.74,3418.17,0
320,294.38,CASH_IN,34757.23,35051.61,532.43,238.05,0
374,1181.43,DEBIT,2302.65,1121.22,158.21,158.21,0
280,275.84,CASH_IN,5205.48,5481.32,675.44,399.6,0
554,4719.84,CASH_OUT,9653.23,4933.39,2648.95,7368.79,0
741,4493.24,PAYMENT,3970.83,0,3233.72,3233.72,0
70,878,PAYMENT,560.91,0,5190.6,5190.6,0
642,2215.92,CASH_OUT,1417.89,0,6401.68,8617.6,0
230,1797.96,TRANSFER,3020.81,1222.85,11541.46,13339.42,0
58,810.94,CASH_IN,33474.35,34285.29,2423.31,1612.37,0
614,1632.91,CASH_OUT,3202.63,1569.72,4652.06,6284.97,0
264,1738.26,PAYMENT,1177.73,0,9616.66,9616.66,0
477,2343.4,PAYMENT,2113.44,0,5358.28,5358.28,0
446,1099.75,CASH_IN,41090.32,42190.07,1102.47,2.72,0
400,2187.72,DEBIT,4574.3,2386.58,9271.78,9271.78,0
237,256.28,CASH_OUT,627.46,371.18,200.26,456.54,0
248,1553.87,CASH_OUT,3393.76,1839.89,5209.58,6763.45,0
406,187.7,DEBIT,377.38,189.68,1277.13,1277.13,0
460,3047.78,CASH_IN,35437.23,38485.01,3268.2,220.42,0
481,516.88,CASH_IN,17083.73,17600.61,910.65,393.77,0
449,730.2,PAYMENT,944.85,214.65,4472.03,4472.03,0
196,4133.45,DEBIT,3404.01,0,7862.76,7862.76,0
143,9697.53,CASH_IN,42571.25,52268.78,13741.6,4044.07,0
239,1013.27,TRANSFER,1560.16,546.89,31397.5,32410.77,0
158,4208.05,CASH_OUT,9409.68,5201.63,8059.25,12267.3,0
7,727.76,PAYMENT,481.66,0,4029.8,4029.8,0
578,334.98,DEBIT,317.3,0,9573.23,9573.23,0
266,3458.35,PAYMENT,2645.81,0,8620.14,8620.14,0
164,1865.69,CASH_IN,6959.9,8825.59,5217.45,3351.76,0
238,385.35,CASH_IN,25128.3,25513.65,692.6,307.25,0
25,2196.07,TRANSFER,2463.47,267.4,23911.7,26107.77,0
537,530.37,CASH_OUT,350.01,0,7767.24,8297.61,0
128,1134.02,DEBIT,1274.22,140.2,5061.42,5061.42,0
658,651.78,PAYMENT,1435.8,784.02,3.33,3.33,0
43,1934,CASH_OUT,3481.98,1547.98,1520.25,3454.25,0
517,3036.19,CASH_IN,22990.02,26026.21,3389.38,353.19,0
690,120.03,CASH_OUT,226.87,106.84,9836.79,9956.82,0
83,375.26,PAYMENT,243.64,0,7826.96,7826.96,0
494,214.05,CASH_OUT,403.34,189.29,622.92,836.97,0
260,2006.82,CASH_IN,11444.73,13451.55,2940.58,933.76,0
380,732.3,CASH_OUT,1279.91,547.61,5270.41,6002.71,0
231,2578.01,DEBIT,5373.06,2795.05,4047.98,4047.98,0
483,917.97,CASH_OUT,1219.3,301.33,8275.38,9193.35,0
741,980.04,DEBIT,2379.19,1399.15,2485.8,2485.8,0
574,1314.03,CASH_OUT,707.45,0,2598.13,3912.16,0
650,2285.97,CASH_IN,9484.74,11770.71,5115.76,2829.79,0
13,25.39,TRANSFER,31.51,6.12,48793.69,48819.08,0
338,134.6,TRANSFER,140.34,5.74,18570.43,18705.03,0
497,1588.97,DEBIT,2238.47,649.5,8443.57,8443.57,0
183,324.25,DEBIT,244.61,0,8646.6,8646.6,0
624,2674.92,TRANSFER,3948.23,1273.31,18794.41,21469.33,0
436,3927.02,CASH_IN,19619.69,23546.71,11437.23,7510.21,0
625,6218.12,CASH_IN,39345.17,45563.29,10140.6,3922.48,0
129,3310.74,CASH_OUT,2161.36,0,2793.68,6104.42,0
242,79.37,DEBIT,182.83,103.46,4614.77,4614.77,0
715,1369.19,CASH_IN,19317.45,20686.64,2601.8,1232.61,0
79,4404.51,PAYMENT,6171.77,1767.26,8824.59,8824.59,0
581,2675.5,CASH_OUT,4078.65,1403.15,6802.28,9477.78,0
200,178.21,CASH_OUT,344.42,166.21,720.84,899.05,0
408,223.68,TRANSFER,231.64,7.96,25428.96,25652.64,0
232,872.6,DEBIT,953.81,81.21,3497.03,3497.03,0
399,5706.53,CASH_IN,39192.13,44898.66,9756.36,4049.83,0
442,208.16,CASH_IN,33015.14,33223.3,526.38,318.22,0
320,1105.33,CASH_OUT,735.3,0,5146.58,6251.91,0
337,701.38,DEBIT,1429.73,728.35,6246.64,6246.64,0
463,461.56,DEBIT,342.83,0,6150.13,6150.13,0
590,144.54,DEBIT,349.74,205.2,4782.55,4782.55,0
370,778.85,TRANSFER,876.39,97.54,23716.81,24495.66,0
374,1332.12,CASH_IN,46014.86,47346.98,2719.57,1387.45,0
288,2138.01,DEBIT,1616.74,0,3382.68,3382.68,0
402,509.79,TRANSFER,699.52,189.73,21603.84,22113.63,0
124,985.18,PAYMENT,815.11,0,2737.91,2737.91,0
725,2254.91,CASH_OUT,3364.54,1109.63,127.15,2382.06,0
122,3386.06,CASH_IN,43068.5,46454.56,9118.76,5732.7,1
233,1571.6,CASH_IN,31803.54,33375.14,2266.45,694.85,0
638,3691.3,CASH_OUT,7223.81,3532.51,7764.47,11455.77,0
236,111.73,PAYMENT,127.39,15.66,7531.87,7531.87,0
345,5542.6,TRANSFER,5781.89,239.29,8240.74,13783.34,0
541,2313.26,CASH_OUT,1581.67,0,9651.3,11964.56,0
463,1410.84,TRANSFER,2596.94,1186.1,36640.08,38050.92,0
683,2840.16,TRANSFER,4951.6,2111.44,30597.03,33437.19,0
630,1665.92,TRANSFER,2813.55,1147.63,43666.15,45332.07,0
367,4194.39,PAYMENT,5736.25,1541.86,1608.48,1608.48,0
186,19.75,PAYMENT,19.62,0,7264.62,7264.62,0
449,652.19,TRANSFER,778.68,126.49,43990.82,44643.01,0
491,745.82,DEBIT,1480.23,734.41,8151.18,8151.18,0
731,417.57,CASH_IN,17769.23,18186.8,1072.15,654.58,0
500,1486.34,PAYMENT,3264.14,1777.8,8399.64,8399.64,0
12,2739.75,DEBIT,2479.37,0,9580.73,9580.73,0
377,2269.76,DEBIT,4567.96,2298.2,8419.7,8419.7,0
70,4186.47,CASH_IN,49816.72,54003.19,7270.3,3083.83,0
381,2063.09,TRANSFER,3673.12,1610.03,10860.45,12923.54,0
154,994.6,DEBIT,1318.09,323.49,6956.18,6956.18,0
405,60,DEBIT,50.03,0,1813.19,1813.19,0
20,1030.42,DEBIT,2316.93,1286.51,5101.1,5101.1,0
515,135.1,TRANSFER,213.46,78.36,28074.23,28209.33,0
536,2257.91,TRANSFER,4075.5,1817.59,13491.04,15748.95,0
60,778.53,PAYMENT,1380.32,601.79,1490,1490,0
664,814.65,PAYMENT,1686.16,871.51,7076.81,7076.81,0
704,1470.17,DEBIT,1833.19,363.02,1223.77,1223.77,0
113,1139.39,TRANSFER,1240.34,100.95,11030.6,12169.99,0
476,2662.06,TRANSFER,5319.72,2657.66,46655.67,49317.73,0
161,1094.76,CASH_IN,31808.87,32903.63,2814.96,1720.2,0
399,1055.94,DEBIT,2301.53,1245.59,3838.33,3838.33,0
137,6005.01,PAYMENT,5439.77,0,5655.5,5655.5,0
138,815.47,CASH_IN,1309.84,2125.31,854.93,39.46,0
254,1767.09,TRANSFER,2999.94,1232.85,46480.85,48247.94,0
563,5650.59,PAYMENT,5755.65,105.06,4296.57,4296.57,0
581,3690.48,DEBIT,3218.85,0,8026.43,8026.43,0
74,5541.49,TRANSFER,9453.89,3912.4,31558.53,37100.02,0
638,2604.46,DEBIT,3888.26,1283.8,4368.51,4368.51,0
313,15.11,CASH_IN,2864.01,2879.12,21.92,6.81,0
364,291.87,CASH_IN,37568.75,37860.62,675.36,383.49,0
548,27.99,CASH_IN,14137.28,14165.27,30.49,2.5,0
342,607.83,CASH_OUT,604.16,0,9062.55,9670.38,0
632,7365.57,DEBIT,9151.09,1785.52,4288.87,4288.87,0
729,2999.57,CASH_IN,3268.31,6267.88,5924.58,2925.01,0
696,96.23,CASH_IN,30984.97,31081.2,204.39,108.16,0
533,1521.37,DEBIT,2011.54,490.17,3473.43,3473.43,0
639,541.43,CASH_IN,36622.44,37163.87,1135.18,593.75,0
472,1643.73,DEBIT,3901.63,2257.9,522.58,522.58,0
492,3100.63,TRANSFER,5036.74,1936.11,24724.06,27824.69,0
21,593.85,DEBIT,1073.89,480.04,1980.98,1980.98,0
305,1247.99,DEBIT,3050.1,1802.11,6085.27,6085.27,0
445,243.29,CASH_OUT,195.24,0,2253.17,2496.46,0
490,187.07,TRANSFER,314.98,127.91,27255.28,27442.35,0
664,244.81,CASH_OUT,543.55,298.74,7228.14,7472.95,0
681,3138.55,CASH_IN,27441.93,30580.48,6985.79,3847.24,0
494,1227.09,DEBIT,1803.08,575.99,1657.75,1657.75,0
514,2183.41,TRANSFER,2655.22,471.81,4878.13,7061.54,0
144,1062.26,CASH_OUT,1914.14,851.88,5454.32,6516.58,0
344,3093.65,DEBIT,2239.41,0,3559.73,3559.73,0
611,107.71,PAYMENT,223.24,115.53,2013.64,2013.64,0
391,4114.57,CASH_OUT,6540.91,2426.34,7584.25,11698.82,0
214,37.22,TRANSFER,41.92,4.7,32981.47,33018.69,0
628,4090.36,CASH_OUT,3998.7,0,4512.39,8602.75,0
58,2779.43,CASH_OUT,4491.45,1712.02,5525.14,8304.57,0
254,843.16,CASH_OUT,897.85,54.69,3907.28,4750.44,0
227,223.92,CASH_IN,32839.01,33062.93,592.09,368.17,0
178,197.13,PAYMENT,272.46,75.33,1956.09,1956.09,1
268,1482.86,TRANSFER,1908.65,425.79,39642.72,41125.58,0
164,648.15,TRANSFER,850.6,202.45,32133.73,32781.88,0
238,1523.98,TRANSFER,1764.7,240.72,34794.96,36318.94,0
268,364.13,DEBIT,628.83,264.7,3631.01,3631.01,0
283,649.43,TRANSFER,1288.16,638.73,7035.58,7685.01,0
129,68.91,TRANSFER,93.97,25.06,36631.76,36700.67,0
688,331,PAYMENT,456.99,125.99,6152.98,6152.98,0
544,251.32,DEBIT,497.48,246.16,3196.67,3196.67,0
129,1082.75,DEBIT,2672.47,1589.72,6679.2,6679.2,0
269,781.2,CASH_OUT,1948.43,1167.23,9797.82,10579.02,0
571,355.03,CASH_IN,630.38,985.41,752.49,397.46,0
353,60.61,DEBIT,130.06,69.45,2097.53,2097.53,0
645,7259.01,DEBIT,8519.76,1260.75,2964.9,2964.9,0
486,1557.51,PAYMENT,2991.18,1433.67,3143.5,3143.5,0
395,4632.26,TRANSFER,7650.96,3018.7,15703.04,20335.3,0
728,1364.28,DEBIT,2942.07,1577.79,3352.08,3352.08,0
277,240.69,DEBIT,162.31,0,7190.77,7190.77,0
675,307.24,CASH_IN,17397.07,17704.31,583.97,276.73,0
314,1903.68,PAYMENT,2609.97,706.29,5772.5,5772.5,0
273,3684.34,CASH_IN,23564.36,27248.7,10899.05,7214.71,0
289,270.96,DEBIT,501.91,230.95,3251.04,3251.04,0
248,145.37,DEBIT,123.53,0,8557.37,8557.37,1
124,9594.3,PAYMENT,6191.6,0,770.78,770.78,0
579,2370.32,CASH_OUT,3615.47,1245.15,3053.11,5423.43,0
191,142.93,CASH_OUT,289.62,146.69,4083.06,4225.99,0
654,4679.66,DEBIT,4518.33,0,8073.96,8073.96,0
207,603.99,DEBIT,1397.87,793.88,6707.32,6707.32,0
407,371.45,CASH_IN,19487.97,19859.42,653.38,281.93,0
142,3999.51,CASH_IN,27332.41,31331.92,7042.34,3042.83,0
542,3243.56,CASH_IN,23953.5,27197.06,3360.33,116.77,0
424,2694.41,TRANSFER,5168.08,2473.67,14001.87,16696.28,0
83,7208.34,DEBIT,15512.91,8304.57,6993.15,6993.15,0
284,37.34,TRANSFER,73.29,35.95,36333.55,36370.89,0
636,3537.8,CASH_OUT,3760.83,223.03,8727.54,12265.34,0
398,493.93,DEBIT,365.75,0,683.41,683.41,0
465,554.86,DEBIT,291.2,0,4687.68,4687.68,0
89,3481.63,PAYMENT,2257.77,0,2263.51,2263.51,0
334,2719.86,DEBIT,1621.81,0,9028.95,9028.95,0
514,2205.06,CASH_OUT,3718.71,1513.65,8923.02,11128.08,0
127,1968.94,DEBIT,3076.73,1107.79,8381.52,8381.52,0
432,71.57,TRANSFER,113.28,41.71,49771.88,49843.45,0
562,1704.58,DEBIT,3098.33,1393.75,2523.07,2523.07,0
684,245.18,TRANSFER,268.19,23.01,45481.34,45726.52,0
324,4059.28,CASH_IN,3234.34,7293.62,11819.2,7759.92,0
8,1458.33,CASH_IN,21521.37,22979.7,2382.76,924.43,0
588,1249.86,PAYMENT,968.7,0,3408.16,3408.16,0
605,375.06,DEBIT,898.73,523.67,4452.46,4452.46,0
505,2426.58,CASH_IN,11871.67,14298.25,4913.16,2486.58,0
540,534.63,CASH_IN,39337.52,39872.15,1572.63,1038,0
492,6013.82,PAYMENT,10231.32,4217.5,7435.94,7435.94,0
584,2011.81,PAYMENT,1291.31,0,2543.92,2543.92,0
573,1280.19,DEBIT,756.97,0,1400.24,1400.24,0
380,1269.41,TRANSFER,1841.24,571.83,23648.57,24917.98,0
424,1269.79,DEBIT,1771.28,501.49,4742.88,4742.88,0
689,1454.71,TRANSFER,1462.72,8.01,383.2,1837.91,0
190,3584.32,PAYMENT,7841.95,4257.63,2849.08,2849.08,0
341,1155.42,CASH_OUT,1082.65,0,3967.97,5123.39,0
382,651.97,DEBIT,1390.89,738.92,2845.62,2845.62,0
529,242.71,CASH_OUT,288.93,46.22,5074.12,5316.83,0
41,61.23,TRANSFER,102.59,41.36,2242.68,2303.91,0
333,5303.21,DEBIT,4403.83,0,3898.72,3898.72,1
19,1059.73,CASH_OUT,2453.51,1393.78,7140.33,8200.06,0
268,2246.45,CASH_OUT,2456.39,209.94,7184.29,9430.74,0
250,2556.91,DEBIT,5691.07,3134.16,21.04,21.04,0
670,596.75,CASH_OUT,369.42,0,6037.95,6634.7,0
658,244.18,DEBIT,309.54,65.36,4562.37,4562.37,0
594,194.65,CASH_OUT,329.47,134.82,5495.84,5690.49,0
113,148.31,PAYMENT,97.94,0,3547.71,3547.71,0
105,2080.46,DEBIT,4735.29,2654.83,5986.92,5986.92,0
210,300.02,PAYMENT,219.46,0,1543.22,1543.22,0
84,2032.54,CASH_IN,37049.06,39081.6,4187,2154.46,0
387,1528,PAYMENT,1198.37,0,117.07,117.07,0
268,700.23,CASH_OUT,1030.74,330.51,5772,6472.23,0
357,263.5,TRANSFER,410.7,147.2,17158.37,17421.87,0
279,3394.52,PAYMENT,2154.74,0,3873.93,3873.93,0
107,1125,PAYMENT,2076.67,951.67,2753.81,2753.81,0
634,1785.59,PAYMENT,1700.88,0,3842.4,3842.4,0
195,3898.7,TRANSFER,7472.39,3573.69,21549.26,25447.96,0
360,4409.23,TRANSFER,4463.51,54.28,18502.62,22911.85,0
118,2446.54,PAYMENT,4591.69,2145.15,3745.53,3745.53,0
440,363.15,CASH_IN,32287.03,32650.18,395.67,32.52,0
193,5862.55,TRANSFER,7854.46,1991.91,25861.97,31724.52,0
419,833.86,TRANSFER,893.66,59.8,20481.44,21315.3,0
576,1862.69,TRANSFER,2541.82,679.13,10894.63,12757.32,0
204,1641.55,DEBIT,1166.35,0,1673.6,1673.6,0
434,1330.47,PAYMENT,738.51,0,5054.55,5054.55,0
75,292.88,CASH_IN,4965.11,5257.99,415.22,122.34,0
363,983,TRANSFER,1140.3,157.3,1167.6,2150.6,0
125,1227.91,DEBIT,1324.29,96.38,9000.83,9000.83,0
125,926.33,CASH_OUT,1157.55,231.22,4740.06,5666.39,0
646,1848.35,CASH_OUT,3980.26,2131.91,9840.13,11688.48,0
77,1868.27,TRANSFER,2151.47,283.2,1546.88,3415.15,0
736,833.2,CASH_IN,27070.38,27903.58,1090.07,256.87,0
305,1520.67,CASH_IN,8416.85,9937.52,2271.6,750.93,0
343,1162.21,PAYMENT,1283.85,121.64,2593.35,2593.35,1
563,391.01,TRANSFER,589.43,198.42,33869.37,34260.38,0
533,6788.49,CASH_OUT,10966.25,4177.76,3472.77,10261.26,0
604,1750.26,PAYMENT,4374.65,2624.39,1505.21,1505.21,0
139,465.64,CASH_IN,39119.42,39585.06,1149.74,684.1,0
104,789.53,PAYMENT,1646.2,856.67,4614.46,4614.46,0
520,81.52,CASH_OUT,118.29,36.77,5430.25,5511.77,0
659,284.99,CASH_IN,29650.73,29935.72,626.48,341.49,0
685,1227.7,DEBIT,707.11,0,7458.6,7458.6,0
487,267.65,DEBIT,558.97,291.32,2757.68,2757.68,0
558,71.14,TRANSFER,140.12,68.98,47455.61,47526.75,0
666,7926.3,PAYMENT,11626.41,3700.11,8635.48,8635.48,0
695,942.06,CASH_IN,14289.18,15231.24,1324.96,382.9,0
216,1165.01,TRANSFER,1870.72,705.71,45936.74,47101.75,0
499,1723.09,PAYMENT,3844.48,2121.39,9807.39,9807.39,0
82,1173.02,CASH_OUT,1999.1,826.08,5914.07,7087.09,0
365,1295.37,CASH_IN,49806.15,51101.52,1449.45,154.08,0
337,3755.23,PAYMENT,8585.13,4829.9,624.58,624.58,0
323,1190.57,CASH_IN,25521.62,26712.19,2682.57,1492,0
287,2649.74,PAYMENT,5366.23,2716.49,9292.57,9292.57,0
726,2566.36,CASH_OUT,4837.76,2271.4,1344.35,3910.71,0
126,2069.29,CASH_IN,40989.89,43059.18,3449.12,1379.83,0
547,474.23,DEBIT,1145.22,670.99,88.63,88.63,0
19,448.92,CASH_OUT,1117.5,668.58,898.12,1347.04,0
542,29.84,PAYMENT,58.96,29.12,8341.45,8341.45,0
1,144.06,CASH_IN,283.29,427.35,414.05,269.99,0
188,2150.05,CASH_OUT,4369.4,2219.35,8459.21,10609.26,0
194,221.53,PAYMENT,287.59,66.06,7231.49,7231.49,0
384,2326.7,DEBIT,1277.35,0,3061.37,3061.37,0
584,236.31,DEBIT,500.14,263.83,9476.88,9476.88,0
290,13.21,PAYMENT,9.27,0,8689.44,8689.44,0
66,160.95,DEBIT,241.63,80.68,7945.16,7945.16,0
656,1302.17,CASH_OUT,1029.23,0,7101.1,8403.27,0
184,700.94,DEBIT,676.24,0,2810.04,2810.04,0
215,5297.59,TRANSFER,7443.66,2146.07,45305.55,50603.14,0
733,1751.57,DEBIT,3826.24,2074.67,5489.8,5489.8,0
670,7725.67,TRANSFER,12388.06,4662.39,17890.7,25616.37,0
313,2852,CASH_IN,9392.14,12244.14,6957.69,4105.69,1
544,1194.31,CASH_OUT,1996.56,802.25,6247.84,7442.15,0
564,2028.21,CASH_IN,26313.92,28342.13,3907.03,1878.82,0
53,3259.86,CASH_IN,27625.05,30884.91,6651.22,3391.36,0
205,4973.82,DEBIT,9655.73,4681.91,4014.46,4014.46,0
290,288.34,DEBIT,507.22,218.88,543.32,543.32,1
716,1030.82,DEBIT,727.24,0,1890.4,1890.4,0
154,2511.8,CASH_IN,29674.29,32186.09,7011.57,4499.77,0
88,3657.91,CASH_OUT,1856.9,0,2468.24,6126.15,0
157,5345.04,CASH_OUT,11510.17,6165.13,1299.3,6644.34,0
137,3700.35,TRANSFER,4859.85,1159.5,39446.62,43146.97,0
141,1098.69,PAYMENT,1378.45,279.76,9363.21,9363.21,0
691,188.06,CASH_OUT,352.43,164.37,4938.14,5126.2,0
729,2434.83,DEBIT,1238.66,0,1669.53,1669.53,0
235,2196.54,TRANSFER,4318.5,2121.96,38051.89,40248.43,0
452,2425.95,DEBIT,2659.09,233.14,1053.65,1053.65,0
723,2067.49,CASH_IN,2409.3,4476.79,3556.29,1488.8,0
304,973.66,CASH_IN,43291.01,44264.67,1900.52,926.86,0
496,469.62,DEBIT,581.11,111.49,3698.13,3698.13,0
455,2919.31,CASH_OUT,3891.47,972.16,8221.8,11141.11,0
31,2544.46,PAYMENT,3161.04,616.58,8697.63,8697.63,0
100,2266.25,DEBIT,3887.76,1621.51,2953.01,2953.01,0
728,5342.72,CASH_OUT,4014.78,0,7370.97,12713.69,0
326,2071.33,TRANSFER,2889.78,818.45,35660.34,37731.67,0
438,1732.08,DEBIT,1161.68,0,430.07,430.07,0
525,120.7,TRANSFER,134.16,13.46,25793.1,25913.8,0
44,211.43,CASH_OUT,396.66,185.23,2418.89,2630.32,0
102,824,CASH_OUT,443.85,0,1243.68,2067.68,0
138,64.85,CASH_OUT,127.91,63.06,3302.43,3367.28,0
182,621.33,CASH_OUT,1211.42,590.09,8776.47,9397.8,0
378,1464.91,CASH_IN,33877.11,35342.02,2378.61,913.7,0
156,622.91,CASH_OUT,585.29,0,1315.18,1938.09,0
502,35.19,CASH_IN,38507.91,38543.1,92,56.81,0
674,402.15,PAYMENT,551.35,149.2,3320.99,3320.99,0
665,2967.86,CASH_IN,25898.03,28865.89,5034.06,2066.2,0
638,1691.96,TRANSFER,2653.15,961.19,33150.37,34842.33,0
647,4229.15,PAYMENT,7828.83,3599.68,5469.63,5469.63,0
225,1864.55,TRANSFER,2407.4,542.85,10354.75,12219.3,0
59,722.7,DEBIT,456.31,0,2282.35,2282.35,0
610,1850.11,DEBIT,2676.74,826.63,597.16,597.16,0
218,1746.55,CASH_IN,49510.44,51256.99,2581.96,835.41,0
608,2106.12,TRANSFER,3463.71,1357.59,28064.68,30170.8,0
278,911.41,DEBIT,866.53,0,1958.33,1958.33,0
362,4529.17,DEBIT,9938.76,5409.59,3151.47,3151.47,0
339,318.9,DEBIT,676.78,357.88,6359.55,6359.55,0
412,2060.02,PAYMENT,4366.67,2306.65,9473.95,9473.95,0
102,687.4,PAYMENT,989.84,302.44,8901.41,8901.41,0
489,2343.36,CASH_OUT,4405.97,2062.61,9306.07,11649.43,0
596,1994.49,TRANSFER,2887.37,892.88,6713.74,8708.23,0
422,1509.6,DEBIT,1485.12,0,5006.04,5006.04,1
277,6557.73,TRANSFER,10629.48,4071.75,46433.01,52990.74,0
446,1232.13,CASH_OUT,1962.97,730.84,4328.16,5560.29,0
734,1646.94,CASH_IN,43198.08,44845.02,3232.39,1585.45,0
493,103.54,CASH_OUT,226.47,122.93,9811.93,9915.47,0
333,1499.3,DEBIT,1924.68,425.38,6591.14,6591.14,0
681,439.62,CASH_IN,47571.49,48011.11,1314.3,874.68,0
699,7942.82,CASH_IN,28476.99,36419.81,12065.81,4122.99,0
601,5037.2,CASH_OUT,4292.66,0,2139.57,7176.77,0
154,29.58,DEBIT,63.86,34.28,7321.23,7321.23,0
125,5755.18,CASH_IN,48006.78,53761.96,11757.37,6002.19,0
450,6826.69,CASH_OUT,8776.31,1949.62,8542.22,15368.91,0
478,2535.05,CASH_OUT,2521.57,0,6406.15,8941.2,0
39,3041.56,DEBIT,7361.6,4320.04,7635.79,7635.79,0
93,1382.88,CASH_OUT,724.91,0,90.38,1473.26,0
613,947.37,CASH_OUT,1519.56,572.19,8047.53,8994.9,0
728,3302.35,CASH_OUT,2826.07,0,5146.84,8449.19,0
603,586.58,TRANSFER,730.77,144.19,20138.22,20724.8,0
653,1.89,PAYMENT,4.35,2.46,1538.07,1538.07,0
247,5040.77,TRANSFER,10047.54,5006.77,2245.56,7286.33,0
605,1314.82,CASH_OUT,2328.4,1013.58,907.22,2222.04,0
606,5013.5,PAYMENT,12041.71,7028.21,5771.23,5771.23,0
718,1946.93,CASH_IN,49622.11,51569.04,3451.22,1504.29,0
693,889.14,TRANSFER,1472.98,583.84,12019.95,12909.09,0
58,4197.93,TRANSFER,8288.28,4090.35,1375.96,5573.89,0
315,500.11,TRANSFER,519.58,19.47,1800.94,2301.05,0
401,321.76,DEBIT,598.18,276.42,2248.9,2248.9,0
580,1743.74,CASH_OUT,2394.55,650.81,5800.89,7544.63,0
99,791.05,CASH_IN,41982.98,42774.03,1018.58,227.53,0
199,4491.41,CASH_IN,47322.83,51814.24,12509.1,8017.69,0
405,2881.3,CASH_IN,41158.04,44039.34,8003.6,5122.3,0
628,458.47,CASH_OUT,463.34,4.87,2956.95,3415.42,0
112,3863.46,PAYMENT,3531.79,0,711.58,711.58,0
271,4233.15,TRANSFER,6180.41,1947.26,4752.65,8985.8,0
283,3614.66,CASH_OUT,4208.85,594.19,6936.18,10550.84,0
536,870.59,TRANSFER,1588.64,718.05,25782.97,26653.56,0
433,1550.12,CASH_OUT,1650.79,100.67,4252.28,5802.4,0
581,995.58,TRANSFER,1539.86,544.28,26601.08,27596.66,0
509,1078.65,CASH_OUT,1666.54,587.89,546.34,1624.99,0
650,448.69,PAYMENT,407.03,0,100.91,100.91,0
212,524.81,CASH_IN,73.69,598.5,1290.34,765.53,0
38,2632.48,TRANSFER,4318.94,1686.46,20797.2,23429.68,0
343,1882.33,CASH_OUT,4314.45,2432.12,8180.27,10062.6,0
112,3395.13,PAYMENT,2930.77,0,3709.41,3709.41,0
379,15386.68,PAYMENT,20179.67,4792.99,2204.88,2204.88,0
22,1000.1,CASH_IN,29531.89,30531.99,2322.26,1322.16,0
571,1071.47,CASH_OUT,2151.15,1079.68,206.71,1278.18,0
162,3035.01,TRANSFER,4806.77,1771.76,47611.09,50646.1,0
10,1316.05,DEBIT,1610.08,294.03,9492.09,9492.09,1
111,2507.5,PAYMENT,5060.16,2552.66,1025.16,1025.16,0
191,1423.18,PAYMENT,1762.7,339.52,9329.25,9329.25,0
88,347.39,CASH_IN,9009.79,9357.18,415.64,68.25,0
198,5077.48,CASH_OUT,9592.33,4514.85,7289.81,12367.29,0
638,846.03,DEBIT,475.23,0,518.95,518.95,0
73,848.28,DEBIT,993.52,145.24,9785.25,9785.25,0
515,254.11,DEBIT,515.7,261.59,6710.55,6710.55,0
109,5879.35,CASH_OUT,8775.03,2895.68,3805.18,9684.53,0
100,3086.48,TRANSFER,5353.33,2266.85,19217.75,22304.23,0
43,3653.67,PAYMENT,1910.27,0,7037,7037,0
270,3707.56,CASH_OUT,2576.86,0,5589.81,9297.37,0
168,107.1,DEBIT,161.68,54.58,7184.54,7184.54,0
390,253.24,PAYMENT,613.61,360.37,7144.11,7144.11,0
659,1011.2,PAYMENT,771.98,0,8652.96,8652.96,0
660,2262.15,DEBIT,3958.89,1696.74,3165.5,3165.5,0
22,2234.77,DEBIT,4678.18,2443.41,2504.68,2504.68,0
375,1697.08,PAYMENT,3675.3,1978.22,9060.87,9060.87,0
210,569.74,CASH_IN,8140.75,8710.49,782.73,212.99,0
12,679.32,PAYMENT,756.46,77.14,3529.59,3529.59,0
401,5467.56,TRANSFER,7821.56,2354,43899.22,49366.78,0
69,142.6,TRANSFER,254.36,111.76,14287.92,14430.52,0
489,2314.19,CASH_IN,16622.81,18937,2576.09,261.9,0
559,961.73,CASH_OUT,2369.8,1408.07,7848.62,8810.35,0
391,2001.88,PAYMENT,1797.66,0,4183.34,4183.34,0
477,214.77,TRANSFER,274.44,59.67,13815.96,14030.73,0
714,4924.89,PAYMENT,2575.53,0,4501.17,4501.17,0
202,396.35,CASH_IN,48533.83,48930.18,486.17,89.82,0
318,1622.59,DEBIT,1427.28,0,5821.83,5821.83,0
731,1467.71,CASH_IN,3702.11,5169.82,3245.06,1777.35,0
98,1320.58,CASH_IN,13426.69,14747.27,2079.81,759.23,0
586,2341.94,CASH_IN,7197.1,9539.04,5130.53,2788.59,0
219,158.19,TRANSFER,308.7,150.51,14864.54,15022.73,0
148,1828.81,CASH_IN,31182.44,33011.25,4200.79,2371.98,0
414,2053.39,DEBIT,3917.02,1863.63,3732.6,3732.6,0
283,2255.19,DEBIT,4314.76,2059.57,6100.07,6100.07,0
443,633.43,DEBIT,1073.88,440.45,8660.96,8660.96,0
65,250.01,CASH_OUT,349.56,99.55,6122.58,6372.59,0
315,2668.67,CASH_IN,44149.69,46818.36,3750.19,1081.52,0
610,936.39,DEBIT,562.75,0,6274.87,6274.87,0
301,1749.98,CASH_OUT,1760.84,10.86,4502.54,6252.52,0
650,1019.44,CASH_IN,41990.08,43009.52,1403.85,384.41,1
262,7546.13,CASH_IN,5094.66,12640.79,7671.7,125.57,0
54,793.15,PAYMENT,1808.47,1015.32,843.01,843.01,0
409,1139.4,CASH_IN,12935.58,14074.98,2129.32,989.92,0
73,1154.88,PAYMENT,2878.57,1723.69,2291.72,2291.72,0
43,2031.5,TRANSFER,2523.17,491.67,35702.64,37734.14,0
680,2123.6,TRANSFER,3861.49,1737.89,2500.93,4624.53,0
436,28.68,CASH_OUT,28.59,0,2144.06,2172.74,0
69,161.57,PAYMENT,375.22,213.65,3548.61,3548.61,0
314,1819.11,TRANSFER,2901.12,1082.01,18610.02,20429.13,0
503,3647.4,TRANSFER,6583.89,2936.49,41149.19,44796.59,0
443,667.21,TRANSFER,1192.15,524.94,19872.41,20539.62,0
603,1474.99,CASH_IN,3422.94,4897.93,2569.77,1094.78,0
73,462.89,PAYMENT,971.81,508.92,3336.07,3336.07,0
694,3930.71,TRANSFER,4068.32,137.61,39368.67,43299.38,0
445,4139.55,PAYMENT,7351.46,3211.91,8336.43,8336.43,0
680,1169.75,DEBIT,2103.96,934.21,9362.81,9362.81,0
92,1088.35,DEBIT,1632.7,544.35,7850.98,7850.98,0
698,45.31,CASH_IN,15052.3,15097.61,90.86,45.55,0
573,1268.97,DEBIT,706.34,0,2100.29,2100.29,0
129,2892.59,CASH_OUT,3816.32,923.73,6551.74,9444.33,0
385,5155.75,PAYMENT,3731.53,0,5164.24,5164.24,0
714,5714.03,TRANSFER,9981.13,4267.1,36028.28,41742.31,0
303,2312.22,CASH_OUT,1666.8,0,2891.87,5204.09,0
196,5169.86,CASH_OUT,7168.6,1998.74,5533.8,10703.66,0
665,883.87,DEBIT,1067.34,183.47,8285.56,8285.56,0
153,3522.88,PAYMENT,3283.75,0,8093.24,8093.24,0
389,792.25,TRANSFER,1073.04,280.79,25281.71,26073.96,0
97,768.24,CASH_OUT,1772.42,1004.18,776.41,1544.65,0
109,1399.86,CASH_IN,9693.15,11093.01,3804.31,2404.45,0
426,4315.83,TRANSFER,5803.85,1488.02,23092.17,27408,0
414,1157.82,DEBIT,1992.72,834.9,1603.65,1603.65,0
677,1059.98,PAYMENT,2060.45,1000.47,3848.04,3848.04,0
624,251.11,CASH_IN,8264.22,8515.33,252.11,1,0
450,1519.1,TRANSFER,2718.33,1199.23,14839.33,16358.43,0
289,847.94,TRANSFER,1199.16,351.22,36620.69,37468.63,0
499,553.92,CASH_OUT,669.44,115.52,1053.45,1607.37,0
674,1465.71,TRANSFER,2356.5,890.79,12267.62,13733.33,1
247,559.71,PAYMENT,579.41,19.7,3356.74,3356.74,0
382,6431.9,PAYMENT,11143.92,4712.02,5568.78,5568.78,0
175,2804.75,TRANSFER,5249,2444.25,33948.92,36753.67,0
175,2802.55,CASH_OUT,2542.85,0,3275.52,6078.07,0
141,4089.57,CASH_IN,31570.95,35660.52,8445,4355.43,0
205,2386.59,CASH_IN,24785.19,27171.78,6840.57,4453.98,0
295,309.27,CASH_OUT,582.71,273.44,2062.52,2371.79,0
325,2895.65,DEBIT,5379.53,2483.88,7729.87,7729.87,0
103,1087.94,PAYMENT,583.41,0,7927.58,7927.58,0
537,2238.1,DEBIT,2945.87,707.77,8856.2,8856.2,0
416,2509.02,CASH_OUT,5678.23,3169.21,7313.17,9822.19,0
73,1535.26,DEBIT,3334.95,1799.69,8213.88,8213.88,0
336,455.9,CASH_OUT,344.1,0,2855.09,3310.99,0
199,1201.39,CASH_IN,9172.11,10373.5,3255.7,2054.31,0
429,1325.63,CASH_IN,668.38,1994.01,2411.96,1086.33,0
57,3255.57,DEBIT,7499.36,4243.79,2034.73,2034.73,0
736,86.78,DEBIT,126.57,39.79,1817.23,1817.23,0
292,3767.8,PAYMENT,5995.21,2227.41,9817.07,9817.07,0
82,942.51,CASH_IN,40190.73,41133.24,1759.61,817.1,1
221,1638.69,PAYMENT,1871.92,233.23,2201.11,2201.11,0
694,2614.01,DEBIT,4487.78,1873.77,7066.34,7066.34,0
644,1249.13,CASH_OUT,2430.15,1181.02,6567.29,7816.42,0
619,5299.29,CASH_IN,18961.33,24260.62,14110.61,8811.32,0
256,1324.26,CASH_OUT,676.2,0,8044.95,9369.21,0
317,219.91,PAYMENT,131.36,0,5810.15,5810.15,0
201,1753.76,PAYMENT,3619.62,1865.86,7517.47,7517.47,0
480,1460.66,TRANSFER,1665.63,204.97,33557.87,35018.53,0
704,2499.19,CASH_IN,19331.01,21830.2,5810.54,3311.35,0
220,992.07,CASH_IN,7933.94,8926.01,1504.44,512.37,0
576,2978.12,PAYMENT,6567.26,3589.14,5416.46,5416.46,0
574,341.34,CASH_OUT,494.21,152.87,7163.97,7505.31,0
54,977.21,CASH_IN,29425.25,30402.46,1339.51,362.3,0
237,484.92,PAYMENT,654.5,169.58,9078.39,9078.39,1
300,2739.9,TRANSFER,4268.57,1528.67,29233.4,31973.3,0
178,966.12,DEBIT,2071.03,1104.91,6595.11,6595.11,0
736,1129.06,CASH_IN,27467.13,28596.19,2333.21,1204.15,0
195,5597.01,DEBIT,9922.09,4325.08,3245.12,3245.12,0
685,3497.45,CASH_OUT,4988.17,1490.72,2784.58,6282.03,0
586,2170.24,TRANSFER,3938.85,1768.61,38901.26,41071.5,0
340,2972.46,CASH_IN,37391.93,40364.39,3867.81,895.35,0
392,64.29,DEBIT,65.52,1.23,336.76,336.76,0
405,4387.82,DEBIT,9427.91,5040.09,6300.4,6300.4,0
690,3063.85,PAYMENT,4160.62,1096.77,2010.65,2010.65,0
504,787.95,DEBIT,1813.8,1025.85,9961.58,9961.58,0
230,199.15,CASH_OUT,397.51,198.36,8127.14,8326.29,0
550,200.46,DEBIT,500.71,300.25,3266.39,3266.39,0
91,3287.66,CASH_OUT,7285.61,3997.95,9976.28,13263.94,0
675,1694.35,CASH_OUT,1877.44,183.09,3181.04,4875.39,0
459,894.91,PAYMENT,1850.21,955.3,5661.81,5661.81,0
508,2125.61,TRANSFER,2618.79,493.18,719.07,2844.68,0
462,4969.29,CASH_OUT,9502.86,4533.57,3089.56,8058.85,0
695,3630.48,DEBIT,6313.59,2683.11,5633.95,5633.95,1
208,1072.65,DEBIT,1399.45,326.8,3905.94,3905.94,0
68,9352,CASH_OUT,18829.88,9477.88,4422.94,13774.94,0
74,299.01,DEBIT,495.66,196.65,5694.84,5694.84,0
651,5295.08,CASH_IN,17095.26,22390.34,10883.27,5588.19,0
315,1268.06,PAYMENT,1757.68,489.62,4941.48,4941.48,0
113,1237.7,DEBIT,2945.56,1707.86,5040.04,5040.04,0
288,1214.07,PAYMENT,2245.51,1031.44,6775.32,6775.32,0
722,234.21,CASH_OUT,550.42,316.21,6316.44,6550.65,0
343,2349.08,CASH_OUT,4449.8,2100.72,6486.39,8835.47,0
458,1618.96,CASH_OUT,3230.78,1611.82,8102.59,9721.55,0
193,396.33,PAYMENT,757.1,360.77,4551.72,4551.72,0
721,3633.52,DEBIT,3050.18,0,191.45,191.45,0
112,51.57,CASH_IN,8571.71,8623.28,98.35,46.78,0
296,3248.18,PAYMENT,7866.57,4618.39,5359.35,5359.35,0
184,6139.12,CASH_IN,44080.78,50219.9,13315.75,7176.63,0
742,2058.67,DEBIT,1352.78,0,7405.65,7405.65,1
150,2426.62,DEBIT,1536.18,0,2307.95,2307.95,0
721,1868.11,PAYMENT,4225.56,2357.45,8829.15,8829.15,0
519,1393.61,TRANSFER,2754.03,1360.42,34172.69,35566.3,0
155,2675.45,CASH_IN,14325.98,17001.43,6970.3,4294.85,0
179,61.97,CASH_OUT,142.2,80.23,6226.31,6288.28,0
631,1930.87,CASH_IN,47038.66,48969.53,4927.24,2996.37,0
366,817.78,DEBIT,518.5,0,9753.43,9753.43,0
64,4450.27,DEBIT,4949.16,498.89,5518.77,5518.77,0
98,148.37,PAYMENT,136.74,0,2293.66,2293.66,0
276,114.61,TRANSFER,222.62,108.01,3741.06,3855.67,0
485,1510.54,CASH_OUT,3731.95,2221.41,1660.22,3170.76,0
584,1159.71,CASH_IN,13918.42,15078.13,3011.29,1851.58,0
110,1992.65,TRANSFER,2430.45,437.8,1026.04,3018.69,0
650,593.67,CASH_OUT,718.72,125.05,6739.94,7333.61,0
36,473.73,DEBIT,1003.38,529.65,1469.22,1469.22,0
166,4000.91,DEBIT,3240.14,0,827.37,827.37,0
642,3536.86,PAYMENT,6767.25,3230.39,6172.19,6172.19,0
190,296.03,PAYMENT,491.82,195.79,5055.09,5055.09,1
238,748.03,CASH_IN,157.05,905.08,1008.71,260.68,0
343,172.71,TRANSFER,252.08,79.37,15323.17,15495.88,0
439,118.33,TRANSFER,167.86,49.53,22921.57,23039.9,0
89,1708.98,CASH_OUT,3135,1426.02,7770.49,9479.47,0
399,445.4,CASH_IN,2248.07,2693.47,557.96,112.56,0
525,9104.47,PAYMENT,20749.44,11644.97,3714.67,3714.67,0
731,1480.47,CASH_IN,23543.37,25023.84,3423.01,1942.54,0
428,2324.35,DEBIT,4221.4,1897.05,1170.12,1170.12,0
48,1045.46,PAYMENT,1209.04,163.58,4539.9,4539.9,0
345,1443.48,TRANSFER,2747.37,1303.89,44494.19,45937.67,0
229,1428.31,PAYMENT,2817.31,1389,5128.97,5128.97,0
270,2070.84,DEBIT,1987.29,0,5526.62,5526.62,0
672,656.39,PAYMENT,501.03,0,8547.03,8547.03,0
53,654.24,TRANSFER,797.33,143.09,9141.89,9796.13,0
738,4671.03,DEBIT,7976.73,3305.7,5766.14,5766.14,1
247,1694.81,CASH_OUT,1332.12,0,3745.48,5440.29,0
611,5591.32,CASH_IN,44699.26,50290.58,9365.24,3773.92,0
349,3179.55,CASH_OUT,2703.4,0,6727.65,9907.2,0
287,493.33,DEBIT,1109.08,615.75,2496.69,2496.69,0
406,2787.04,DEBIT,4868.84,2081.8,6002.81,6002.81,0
276,945.91,DEBIT,911.96,0,2653.7,2653.7,0
273,697.14,TRANSFER,862.42,165.28,47425.15,48122.29,0
279,690.1,DEBIT,631.5,0,2381.47,2381.47,0
699,1783.94,CASH_IN,321.76,2105.7,4540.19,2756.25,0
701,336.64,TRANSFER,500.67,164.03,21499.26,21835.9,0
286,15448.06,DEBIT,31497.02,16048.96,3978.66,3978.66,1
94,1292.34,TRANSFER,2163.89,871.55,38144.67,39437.01,0
624,833.28,CASH_IN,25529.04,26362.32,1858.43,1025.15,0
201,1264.47,CASH_IN,38677.64,39942.11,1576.54,312.07,0
384,72.07,TRANSFER,111.79,39.72,21908.93,21981,0
694,11253.7,PAYMENT,23542.91,12289.21,7537.34,7537.34,0
720,543.25,CASH_OUT,325.53,0,7245.98,7789.23,0
72,5112.54,DEBIT,9669.09,4556.55,6107.71,6107.71,0
42,996.47,CASH_OUT,1994.47,998,1254.86,2251.33,0
273,474.42,CASH_IN,27822.81,28297.23,1287.1,812.68,0
424,5295.23,CASH_OUT,6749.54,1454.31,661.65,5956.88,0
493,3508.29,PAYMENT,5435.99,1927.7,7752.44,7752.44,0
